<Extensions><Version>1.5</Version><Panel>
    <PanelId>BookMeeting</PanelId>
    <Type>Home</Type>
    <Icon>Spark</Icon>
    <Order>1</Order>
    <Name>Book</Name>
    <Page>
      <Name>Book Meeting Room</Name>
      <Row>
        <Name>Reserve for</Name>
        <Widget>
          <WidgetId>group_duration</WidgetId>
          <Type>GroupButton</Type>
          <Options>size=4;columns=4</Options>
          <ValueSpace>
            <Value>
              <Key>15</Key>
              <Name>15 Min</Name>
            </Value>
            <Value>
              <Key>30</Key>
              <Name>30 Min</Name>
            </Value>
            <Value>
              <Key>45</Key>
              <Name>45 Min</Name>
            </Value>
            <Value>
              <Key>60</Key>
              <Name>60 Min</Name>
            </Value>
          </ValueSpace>
        </Widget>
      </Row>
      <Row>
        <Name/>
        <Widget>
          <WidgetId>button_submit</WidgetId>
          <Name>Book</Name>
          <Type>Button</Type>
          <Options>size=2</Options>
        </Widget>
      </Row>
      <PageId>BookMeeting</PageId>
      <Options/>
    </Page>
  </Panel>
</Extensions>